/home/evan/.bitcoin/blocks/index/000026.ldb,14444
/home/evan/.bitcoin/blocks/index/000027.ldb,14269
/home/evan/.bitcoin/blocks/index/000028.ldb,14180
/home/evan/.bitcoin/blocks/index/000029.ldb,14418
/home/evan/.bitcoin/blocks/index/000030.ldb,14036
/home/evan/.bitcoin/blocks/index/000031.ldb,14148
/home/evan/.bitcoin/blocks/index/000032.ldb,14444
/home/evan/.bitcoin/blocks/index/000033.ldb,14269
/home/evan/.bitcoin/blocks/index/000034.ldb,14443
/home/evan/.bitcoin/blocks/index/000035.ldb,14330
/home/evan/.bitcoin/blocks/index/000036.ldb,14351
/home/evan/.bitcoin/blocks/index/000037.ldb,14270
/home/evan/.bitcoin/blocks/index/000038.ldb,14146
/home/evan/.bitcoin/blocks/index/000039.ldb,14468
/home/evan/.bitcoin/blocks/index/000040.ldb,14444
/home/evan/.bitcoin/blocks/index/000123.ldb,14139
/home/evan/.bitcoin/blocks/index/000124.ldb,14722
/home/evan/.bitcoin/blocks/index/000125.ldb,14053
/home/evan/.bitcoin/blocks/index/000126.ldb,14139
/home/evan/.bitcoin/blocks/index/000129.ldb,13996
/home/evan/.bitcoin/blocks/index/000130.ldb,14171
/home/evan/.bitcoin/blocks/index/000131.ldb,14713
/home/evan/.bitcoin/blocks/index/000132.ldb,14662
/home/evan/.bitcoin/blocks/index/000135.ldb,14574
/home/evan/.bitcoin/blocks/index/000136.ldb,14376
/home/evan/.bitcoin/blocks/index/000137.ldb,890
/home/evan/.bitcoin/blocks/index/000138.ldb,14428
/home/evan/.bitcoin/blocks/index/000139.ldb,14431
/home/evan/.bitcoin/blocks/index/000140.ldb,14164
/home/evan/.bitcoin/blocks/index/000141.ldb,13999
/home/evan/.bitcoin/blocks/index/000142.ldb,14792
/home/evan/.bitcoin/blocks/index/000143.ldb,395
/home/evan/.bitcoin/blocks/index/000173.ldb,5083
/home/evan/.bitcoin/blocks/index/000174.ldb,17238
/home/evan/.bitcoin/blocks/index/000175.ldb,11184
/home/evan/.bitcoin/blocks/index/000176.ldb,17385
/home/evan/.bitcoin/blocks/index/000177.ldb,17535
/home/evan/.bitcoin/blocks/index/000178.ldb,11327
/home/evan/.bitcoin/blocks/index/000180.ldb,14144
/home/evan/.bitcoin/blocks/index/000181.ldb,14288
/home/evan/.bitcoin/blocks/index/000182.ldb,14492
/home/evan/.bitcoin/blocks/index/000183.ldb,11008
/home/evan/.bitcoin/blocks/index/000185.ldb,376
/home/evan/.bitcoin/blocks/index/000189.ldb,5474
/home/evan/.bitcoin/blocks/index/000190.ldb,17390
/home/evan/.bitcoin/blocks/index/000191.ldb,11789
/home/evan/.bitcoin/blocks/index/000192.ldb,17002
/home/evan/.bitcoin/blocks/index/000193.ldb,17418
/home/evan/.bitcoin/blocks/index/000194.ldb,11490
/home/evan/.bitcoin/blocks/index/000195.ldb,23
/home/evan/.bitcoin/blocks/index/000196.ldb,14144
/home/evan/.bitcoin/blocks/index/000197.ldb,14288
/home/evan/.bitcoin/blocks/index/000198.ldb,14492
/home/evan/.bitcoin/blocks/index/000199.ldb,11008
